{"cameraMode":{"drawMode":0,"name":"Shaded","section":"Shading Mode"},"sceneLighting":false,"audioPlay":false,"sceneViewState":{"m_AlwaysRefresh":false,"showFog":true,"showSkybox":false,"showFlares":true,"showImageEffects":true,"showParticleSystems":true,"showVisualEffectGraphs":true,"m_FxEnabled":true},"in2DMode":false,"pivot":{"x":0.6338156461715698,"y":3.2946786880493166,"z":2.1404972076416017},"rotation":{"x":0.021732982248067857,"y":0.9782124757766724,"z":-0.1511554718017578,"w":0.14064709842205048},"size":0.8660283088684082,"orthographic":false}