{"cameraMode":{"drawMode":0,"name":"Shaded","section":"Shading Mode"},"sceneLighting":false,"audioPlay":false,"sceneViewState":{"m_AlwaysRefresh":false,"showFog":true,"showSkybox":false,"showFlares":true,"showImageEffects":true,"showParticleSystems":true,"showVisualEffectGraphs":true,"m_FxEnabled":true},"in2DMode":false,"pivot":{"x":-0.5501218438148499,"y":3.4879307746887209,"z":3.9705421924591066},"rotation":{"x":0.019688157364726068,"y":0.9783291220664978,"z":-0.1108354777097702,"w":0.1737852841615677},"size":1.1965715885162354,"orthographic":false}